num_topics,perplexity
2,1156.9085900596922
3,1088.695398339134
4,1085.488331936025
5,1101.9423938444907
6,1121.8138614145555
7,1115.8573127640425
