num_topics,perplexity
2,1165.5202940241263
3,1121.9971289242505
4,1117.3588941162066
5,1112.7920164041018
6,1106.039786827908
7,1143.840659343074
